id,media
o001,CEN
o002,OFB
o003,ASCGO
o004,ORH
o005,GSAC
o006,LCC
o007,CO
o008,OCWSA
o009,PMSJ
o010,CACPRF
o011,KUC
o012,BCUC
o013,BBBSO
o014,OCCSA
o015,OPUCC
o016,QCH
o017,SABC
o018,JN
o019,VIF
o020,CFHS
o021,KnUC
o022,LPB
o023,PPC
o024,OFSDAC
o025,AKFC
o026,CBBOI
o027,OMIM
o028,AWAC
o029,AFCCS
o030,CICH
o031,CLA
o032,CMOC
o033,CPWS
o034,CSSE
o035,VO
o036,CFC
o037,CCHC
o038,CRO
o039,PCIL
o040,EFSO
o041,Ec
o042,SJCCO
o043,LCOC
o044,MUC
o045,MCCO
o046,OCISO
o047,OH
o048,OTI
o049,RUC
o050,RF
o051,SH
o052,SSC
o053,TACO
o054,CR
o055,SSAC
o056,ICCF
o057,SPU
o058,TTCSCPR
o059,BB
o060,CARL
o061,CFJE
o062,CPSA
o063,CLAO
o064,EHR
o065,ChF
o066,GSJUC
o067,APO
o068,PSJB
o069,OBDM
o070,NCCOC
o071,ODCI
o072,MF
o073,CDPT
o074,ESI
o075,SJCL
o076,SPCO
o077,SGCV
o078,DCUC
o079,SMP
o080,HSFC
o081,NCSCD
o082,ASWP
o083,FSO
o084,EUC
o085,MSF
o086,RSC
o087,CAC
o088,RPUC
o089,FUC
o090,CAO
o091,SAOBC
o092,SAOCC
o093,SAGCCO
o094,SAOBHC
o095,SACJSO
o096,SAOGM
o097,GCI
o098,RCNBF
o099,CRSF
o100,CF
o101,PrO
o102,EASJFO
o103,HAO
o104,MOGP
o105,DCF
o106,DNPSEC
o107,PPRCNCR
o108,AERIC
o109,RPCC
o110,HCO
o111,ISDO
o112,OYMYWCA
o113,CHEO
o114,CCSBCDO
o115,KDDW
o116,MCC
o117,FOHGC
o118,CAEFS
o119,SCQC
o120,RBC
o121,HoCO
o122,SCVC
o123,SJCFD
o124,ONFE
o125,YIO
o126,NDESFO
o127,YSO
o128,OCK
o129,CTFTF
o130,STPC
o131,CDAI
o132,AJEFO
o133,SWCHC
o134,CCC
o135,RCOI
o136,UWPROLRC
o137,ITK
o138,CU
o139,FHM
o140,PSFC
o141,BGCO
o142,DSORC
o143,GTDC
o144,RAFS
o145,Ca
o146,JCCO
o147,FSPGC
o148,ACI
o149,FCCSO
o150,OFP
o151,FE
o152,OJF
o153,HM
o154,KMDFANCR
o155,PO
o156,OSO
o157,SSMN
o158,MOSMP
o159,OFNC
o160,PHOD
o161,ACF
P001,edg
P002,fefvds
P003,feee
P004,hkoygf
P005,fsdsfef
P006,deftt
P007,xdft
P008,dd
P009,xxddf
P010,xxhhj
P011,lkihh
P012,mkhyy
P013,mmnnhh
P014,bgg
P015,hg
P016,hju
P017,edg
P018,fefvds
P019,feee
P020,hkoygf
P021,fsdsfef
P022,deftt
P023,xdft
P024,dd
P025,xxddf
P026,xxhhj
P027,lkihh
P028,mkhyy
P029,mmnnhh
P030,bgg
P031,hg
P032,hju
P033,edg
P034,fefvds
P035,feee
P036,hkoygf
P037,fsdsfef
P038,deftt
P039,xdft
P040,dd
P041,xxddf
P042,xxhhj
P043,lkihh
P044,mkhyy
P045,mmnnhh
P046,bgg
P047,hg
P048,hju
P049,edg
P050,fefvds
P051,feee
P052,hkoygf
P053,fsdsfef
P054,deftt
P055,xdft
P056,dd
P057,xxddf
P058,xxhhj
P059,lkihh
P060,mkhyy
P061,mmnnhh
P062,bgg
P063,hg
P064,hju
P065,edg
P066,fefvds
P067,feee
P068,hkoygf
P069,fsdsfef
P070,deftt
P071,xdft
P072,dd
P073,xxddf
P074,xxhhj
P075,lkihh
P076,mkhyy
P077,mmnnhh
P078,bgg
P079,hg
P080,hju
P081,edg
P082,fefvds
P083,feee
P084,hkoygf
P085,fsdsfef
P086,deftt
P087,xdft
P088,dd
P089,xxddf
P090,xxhhj
P091,lkihh
P092,mkhyy
P093,mmnnhh
P094,bgg
P095,hg
P096,hju
P097,edg
P098,fefvds
P099,feee
P100,hkoygf
P101,fsdsfef
P102,deftt
P103,xdft
P104,dd
P105,xxddf
P106,xxhhj
P107,lkihh
P108,mkhyy
P109,mmnnhh
P110,bgg
P111,hg
P112,hju
P113,edg
P114,fefvds
P115,feee
P116,hkoygf
P117,fsdsfef
P118,deftt
P119,xdft
P120,dd
P121,xxddf
P122,xxhhj
P123,lkihh
P124,mkhyy
P125,mmnnhh
P126,bgg
P127,hg
P128,hju
P129,edg
P130,fefvds
P131,feee
P132,hkoygf
